<code_scheme name="Default" version="173">
  <Objective-C>
    <option name="INDENT_NAMESPACE_MEMBERS" value="3" />
    <option name="INDENT_C_STRUCT_MEMBERS" value="3" />
    <option name="INDENT_CLASS_MEMBERS" value="3" />
    <option name="INDENT_INSIDE_CODE_BLOCK" value="3" />
    <option name="NAMESPACE_BRACE_PLACEMENT" value="2" />
    <option name="FUNCTION_BRACE_PLACEMENT" value="2" />
    <option name="BLOCK_BRACE_PLACEMENT" value="2" />
    <option name="CLASS_CONSTRUCTOR_INIT_LIST_NEW_LINE_AFTER_COLON" value="2" />
    <option name="SUPERCLASS_LIST_WRAP" value="0" />
  </Objective-C>
  <codeStyleSettings language="ObjectiveC">
    <option name="BRACE_STYLE" value="2" />
    <option name="CLASS_BRACE_STYLE" value="2" />
    <option name="ELSE_ON_NEW_LINE" value="true" />
    <option name="WHILE_ON_NEW_LINE" value="true" />
    <option name="CATCH_ON_NEW_LINE" value="true" />
    <option name="ARRAY_INITIALIZER_LBRACE_ON_NEXT_LINE" value="true" />
    <option name="ARRAY_INITIALIZER_RBRACE_ON_NEXT_LINE" value="true" />
    <option name="IF_BRACE_FORCE" value="3" />
    <option name="DOWHILE_BRACE_FORCE" value="3" />
    <option name="WHILE_BRACE_FORCE" value="3" />
    <option name="FOR_BRACE_FORCE" value="3" />
    <indentOptions>
      <option name="INDENT_SIZE" value="3" />
      <option name="CONTINUATION_INDENT_SIZE" value="4" />
      <option name="TAB_SIZE" value="3" />
    </indentOptions>
  </codeStyleSettings>
</code_scheme>